cob_date,capacity,demand
28/02/19 01:00,29328,45170
03/07/19 05:00,29371,36492
02/07/19 14:00,24576,47880
16/07/19 20:00,20009,45827
27/08/19 08:00,20316,40573
23/08/19 00:00,29033,40365
16/08/19 01:00,25767,43770
28/07/19 11:00,22577,42979
09/05/19 20:00,25281,38639
03/12/19 19:00,29527,47173
02/02/19 17:00,28371,42852
25/07/19 20:00,27937,45252
06/06/19 12:00,25597,42560
28/12/19 07:00,29490,37514
17/05/19 00:00,22786,49558
18/08/19 22:00,20708,46642
25/05/19 05:00,29690,39873
25/09/19 07:00,27941,43250
27/09/19 16:00,20164,39825
11/04/19 00:00,24834,48122
25/11/19 01:00,28834,35900
16/12/19 23:00,22173,45896
18/06/19 18:00,25390,37235
22/12/19 20:00,29824,46162
15/06/19 03:00,27274,47251
12/12/19 22:00,28591,48281
09/08/19 20:00,23388,36771
05/12/19 16:00,23239,38673
21/03/19 09:00,23370,47108
07/08/19 02:00,25424,35385
08/03/19 05:00,20827,48381
11/12/19 01:00,29770,38825
03/12/19 16:00,27920,46010
10/04/19 23:00,21209,35408
29/11/19 02:00,21111,40735
30/07/19 11:00,22791,47890
30/08/19 09:00,28719,49136
30/11/19 05:00,22160,45185
03/04/19 17:00,26036,37871
30/05/19 07:00,25015,43382
30/08/19 10:00,22495,42667
03/04/19 09:00,22094,43857
24/10/19 05:00,22782,37946
01/08/19 21:00,24748,47251
13/03/19 03:00,26080,49850
08/10/19 20:00,23099,40425
17/09/19 21:00,29154,40213
29/12/19 21:00,26018,42619
02/10/19 10:00,24016,36459
15/07/19 22:00,20505,44324
16/04/19 20:00,20925,35422
09/12/19 12:00,24745,48815
20/06/19 18:00,20931,44550
06/11/19 19:00,24991,48656
26/04/19 15:00,21860,40986
25/04/19 00:00,23746,38757
30/12/19 00:00,24564,46097
17/11/19 00:00,29670,40430
21/10/19 22:00,20847,39534
21/11/19 18:00,21044,46960
20/09/19 08:00,27254,43075
08/10/19 14:00,28979,42663
13/05/19 17:00,23582,47973
01/07/19 15:00,20779,48145
07/04/19 13:00,20590,42055
26/07/19 00:00,21171,49585
29/09/19 17:00,23210,48063
27/09/19 13:00,24434,45271
02/07/19 18:00,25243,36822
20/05/19 01:00,24729,48777
27/09/19 01:00,29048,46144
21/10/19 09:00,29586,41454
13/06/19 07:00,28177,40013
07/02/19 06:00,28406,35759
14/03/19 22:00,29351,47887
16/06/19 12:00,29176,42512
08/09/19 11:00,26849,38604
26/03/19 18:00,27005,38693
29/11/19 09:00,29299,48112
21/11/19 12:00,21727,44682
01/05/19 09:00,22546,42206
22/03/19 02:00,22080,37833
28/08/19 16:00,25552,45752
06/06/19 14:00,24750,36290
10/06/19 01:00,28076,41785
11/11/19 22:00,26038,38808
22/01/19 06:00,20410,45321
12/12/19 05:00,20216,49078
05/05/19 22:00,27750,39952
21/01/19 20:00,22941,49385
12/09/19 15:00,28031,42122
22/06/19 19:00,28048,38206
07/11/19 19:00,28077,44088
21/08/19 08:00,22845,41991
15/03/19 15:00,23267,49565
21/03/19 18:00,21680,47085
21/11/19 22:00,20425,45995
25/08/19 04:00,28897,46044
18/04/19 15:00,21729,40959
30/01/19 09:00,22382,35086
